baseMean	log2FoldChange	lfcSE	stat	pvalue	padj
ABCA3	64.3596003945403	-5.35706161402481	0.741488825052261	-7.22473681737179	5.0207321672845e-13	1.33080782009085e-10
ABCA6	23.2652480167511	-2.40860555671499	0.598979132070727	-4.02118442488675	5.79062457224472e-05	0.00167918214091555
ABCA7	27.2147413727085	-3.19662758296645	0.859245252083916	-3.72027378122103	0.000199006927881455	0.00445964798491547
ABCC4	20.3647661168094	-2.80019602681992	0.511495099820287	-5.47453148193163	4.38670653291579e-08	4.000865033569e-06
ABCC6	4.70537298429067	-5.16100290777797	1.08190074832183	-4.77031087720697	1.83941815125833e-06	0.000102508700861271
ABHD17A	15.1022797655374	-1.51193244843334	0.453094160079526	-3.33690561839943	0.000847167114085765	0.0135086765893031
ABHD2	79.8933084845291	-1.91435758806786	0.325849020405863	-5.87498340698835	4.22885704368204e-09	5.00029880176823e-07
ABR	70.1137057287535	-1.23878894894796	0.320593727651309	-3.86404611850458	0.000111524151190848	0.00280696691513582
AC007278.2	4.6840825247896	-3.47082617127105	0.97869385413273	-3.54638598844244	0.000390553697810426	0.00752881014733644
AC007278.3	18.8432627189979	-4.24435415442406	0.785865832692698	-5.40086357983164	6.63208477925227e-08	5.92140453659134e-06
AC009133.12	7.41192486890753	-3.0190192916044	0.914894280620033	-3.29985590199381	0.000967344840317649	0.0148110869882162
AC068580.6	10.2087916149402	-5.06571356061922	0.963157263590162	-5.2594874711704	1.44457470885407e-07	1.13452617412039e-05
AC079630.4	2.41904084218395	-4.63543121551195	1.41168563506063	-3.28361435463134	0.00102485056830068	0.0154951560077118
AC092071.1	2.3006980880994	-4.56255655994403	1.50462390093323	-3.03235682825067	0.00242652175693285	0.0291732920514592
AC092171.4	2.46311109168179	-3.05454404910915	1.02614296010729	-2.97672368067484	0.00291346465940739	0.033259767484648
AC104809.3	1.65792000758614	-4.10996686483844	1.40567810487625	-2.92383217080859	0.00345751107251021	0.0372874874978152
AC109642.1	2.24866833641011	-4.56924163328999	1.59225641843387	-2.86966444624809	0.00410907602957347	0.0425298143780869
ACHE	3.69070793670194	-3.12026552137751	1.063990206188	-2.93260737103644	0.00336128673613779	0.0365987600717853
ACSL1	154.293262795731	-2.18468597313	0.490014194271032	-4.45841365142501	8.256844599012e-06	0.000340488178287229
ADAM15	24.7109057004621	-1.22776142882565	0.376865065197457	-3.25782764762864	0.00112268570484399	0.0166893175074546
ADAMTS4	33.6929437587403	-2.20914715119587	0.763624025278985	-2.89297753614911	0.00381608589143452	0.0400841026250621
ADAMTS8	13.1964151135278	-4.49591347871832	1.05711772378581	-4.25299224254541	2.10932886407893e-05	0.000731751632929141
ADAMTSL2	6.22193157015866	-3.62404453353011	0.926630684414053	-3.91099128756107	9.19180882662938e-05	0.00240632476751452
AEN	14.0401967894792	-1.82021334585664	0.554674009963764	-3.28159119259175	0.00103223140320229	0.0155651320212654
AGAP2	6.00316446470509	-2.7535227703982	0.971799917739836	-2.83342560555284	0.00460520259157601	0.0463038982872075
AGER	37.1739698196479	-3.70253407329682	0.661347129049342	-5.59847304186389	2.16248020648505e-08	2.17066948063979e-06
AGPAT2	7.71620443057413	-2.81978620057975	0.683174229585666	-4.12747741127458	3.66764446183556e-05	0.00115646692659068
AGTPBP1	38.0271754558815	-1.92349899085703	0.509322952294269	-3.77658022712806	0.000158996361710707	0.00379355032357304
AKAP1	24.4171627573979	-1.36202729276185	0.342748493615763	-3.97383888808203	7.07234114886843e-05	0.00195718099917462
AKAP12	453.836317821269	-1.54575488305978	0.531742349200776	-2.90696215071659	0.00364957353407215	0.0389134917862979
AKNA	74.1037703317802	-2.01014346128261	0.489279660125996	-4.10837323743433	3.98455803857243e-05	0.00122231541711289
AKR1C1	6.74857924038616	-3.11948193680786	0.797567222679319	-3.91124641046354	9.18210326634872e-05	0.00240632476751452
AKR1C3	6.37904352600099	-4.14112533579572	1.13292075817078	-3.65526477110544	0.000256916685355812	0.00540736308979652
AKT1	65.8555700208307	-0.860755953073326	0.271701352868519	-3.16802233034835	0.00153479731352242	0.0207626009781454
ALDH2	31.2388052830044	-3.4253647306371	0.528061565948473	-6.48667684133509	8.77502710248517e-11	1.63581933809405e-08
ALDH3B1	17.7173369360436	-1.65579548472914	0.536368363421633	-3.08704912080644	0.00202154188511083	0.0255349490238422
ALOX15B	9.93376436845838	-5.30340615564512	1.21086189866317	-4.37986046261779	1.1875532820499e-05	0.000452711323071787
ALOX5	38.7577990403644	-1.5626480877516	0.46061197288105	-3.39254769687705	0.000692458751297691	0.0115961206880691
ALOX5AP	18.737127086356	-2.34274640211604	0.783888999740514	-2.98862007617347	0.0028024035953416	0.0324062539818507
ALPK1	35.2945983778559	-1.14553139175803	0.335716022363824	-3.41220351561471	0.000644399833985164	0.0109975842894611
ALPL	29.2733758588395	-4.35597441602631	1.13852006285549	-3.82599706245071	0.000130243842436098	0.00321609394917898
ALS2CR12	3.73336277342635	-3.12999580140262	0.920851207791234	-3.39902448399918	0.000676266621316778	0.0113924398848241
AMPD2	19.1420736869386	-1.51384532849675	0.454564409619543	-3.3303208444405	0.00086745965987854	0.0137444095521694
ANKRD11	245.410792920431	-1.04475920272125	0.218367756165669	-4.78440233606938	1.71496858527487e-06	9.69757569353428e-05
ANKRD13D	25.4904318321948	-1.26692927717434	0.396040801615643	-3.19898675087496	0.00137911506662236	0.0191450965549768
ANKRD29	2.48689162856417	-3.76756353316905	1.17976571932986	-3.19348449564134	0.00140566885756956	0.0194183766285097
ANO5	2.43531967549009	-3.94286371411889	1.34958421256136	-2.92153959524746	0.0034830599933189	0.0374677423758159
APOBR	29.457825921133	-2.64992343541577	0.703171597678448	-3.76853024804273	0.000164211588821517	0.00389606348638911
AQP1	90.4910630061256	-3.55320188858033	0.587816828427093	-6.04474339070582	1.49647986971584e-09	2.15138004320844e-07
AQP3	11.0167709898591	-3.31766292088637	0.609772968437514	-5.44081665244619	5.30368774918999e-08	4.7857318604925e-06
AQP4	31.3579293543612	-4.90597215876818	1.66975824466327	-2.93813321446276	0.00330195109651663	0.036255209321235
ARAP1-AS2	5.96595971461746	-2.03708111052879	0.645411560196834	-3.15625135364407	0.00159811078178832	0.0214141795436469
ARHGAP25	26.9887594138546	-1.84947247822975	0.526308075945951	-3.51404920949699	0.000441331046486268	0.00827970683776771
ARHGAP30	79.3388186935193	-1.99991307284726	0.505674349218443	-3.95494269372824	7.65529989294781e-05	0.00207362814199731
ARHGAP4	28.533429980294	-1.69592670707078	0.510954985201216	-3.31913134461918	0.000902979463719774	0.0141572491890409
ARHGEF1	91.1398611128206	-1.22254470361578	0.325175782268416	-3.75964253883652	0.000170156308713427	0.00399796623409221
ARHGEF10	57.3487872612107	-1.66482015797084	0.593484087545323	-2.80516393431307	0.00502909944841983	0.0488623385125968
ARHGEF2	83.421424181304	-1.10582498112585	0.351359589301863	-3.14727423071926	0.00164800319836365	0.0218241422771593
ARHGEF38	4.72765507771254	-3.96777086134405	1.14110054407389	-3.47714395716485	0.000506785637293467	0.00917514573217329
ARRB2	48.2148622856907	-2.02808153637273	0.456855661995863	-4.43921725192736	9.02866431420071e-06	0.000362943747455215
ARRDC2	29.9527180841267	-2.19967752048839	0.728688225567038	-3.01868130060244	0.0025387744581891	0.0300962752681481
ASL	7.04703392772666	-1.65956677465415	0.554430527235153	-2.99328174249372	0.00275994835240732	0.0321123208849367
ASRGL1	8.18944448969039	-2.94334245098545	0.956767432048431	-3.07634055298452	0.0020955834884404	0.0262582355160583
ATG16L2	50.378827062211	-1.98524592357877	0.512826553793699	-3.87118394882767	0.00010830801921599	0.00274639347979081
ATHL1	29.0533441623771	-2.79986806115621	0.519603569087738	-5.38846964825878	7.10601603226086e-08	6.24593036120586e-06
ATP11A	129.23513026773	-1.24823020121354	0.313909180684219	-3.97640552752491	6.99647752351926e-05	0.00193935040374152
ATP1A1	203.764335936921	-1.09443275333561	0.3762254549927	-2.9089811409939	0.00362608733042425	0.0386873870901365
ATP2A3	24.1114864860082	-3.39718027888562	0.744887948271535	-4.56065947471504	5.09932177962993e-06	0.000232540039434522
ATP6V1B2	102.615570497904	-0.965060006095449	0.33257773330117	-2.90175772297277	0.00371075404860235	0.0392703466228436
ATP9A	23.8455510305481	-1.09534761243882	0.371844387788505	-2.94571505826202	0.00322209071615846	0.035675545386753
B3GNT8	1.99920089263509	-3.05380779525987	0.991009986238428	-3.08151061812323	0.00205953131045361	0.0258991024095886
BANK1	2.59628593130761	-3.06549684770602	0.96493411490455	-3.17689757295943	0.00148859599784788	0.0202506355312682
BCL2A1	18.7267338945406	-2.12178139375593	0.698131766045281	-3.03922768874309	0.00237185520058777	0.0286907878852671
BCL2L1	52.752021078033	-1.23944539965513	0.407880093288301	-3.03874942673178	0.00237562356747782	0.0286907878852671
BCL6	140.899440742151	-2.05116727494412	0.341209611912791	-6.01145806955865	1.83862070687464e-09	2.54261274567672e-07
BCL7A	6.47638767659954	-2.13354042910555	0.742955561172658	-2.87169319486355	0.00408279135955854	0.0423611453355053
BIRC3	47.2265389258156	-1.98213036074518	0.633718604075553	-3.12777682081252	0.00176133869589128	0.0229664486065332
BLVRA	23.3669458954677	-1.65603293611405	0.49728793820182	-3.33012890298973	0.000868057878017742	0.0137444095521694
BLVRB	18.6745661910202	-2.94700001548642	0.79609914958319	-3.7018002305735	0.000214075145196819	0.0047163256663881
BRD3	46.2820594576351	-1.03678842497341	0.361787732511391	-2.86573681693524	0.00416039965233229	0.0429039633447811
BTNL9	58.9685824529442	-4.10398137617124	1.05441295676302	-3.89219551016351	9.93411379530984e-05	0.00256112927695496
C18orf8	14.8518241911978	-1.15017886508312	0.406169318446214	-2.83177190606886	0.00462908570745203	0.0463290914107471
C19orf35	2.69934755552133	-3.04043268986205	1.02494350122667	-2.96643930736007	0.00301269816702152	0.0339670245433849
C19orf68	8.59064655494532	-2.54973381836104	0.605957006770056	-4.20778007329586	2.5789167141471e-05	0.000852802010502758
C1RL	31.1318888492398	-2.2456891878356	0.721733045625384	-3.11152329998927	0.00186124785293772	0.0239925597091455
C1orf228	1.55132366468808	-3.95475358973999	1.3760776224509	-2.87393205529806	0.00405396165529718	0.0421138652847388
C21orf58	8.92053025412519	-2.99493174451464	0.957853944462625	-3.12671024828827	0.00176774055567279	0.0230322202660778
C22orf34	10.208969770126	-1.87952470889587	0.535995579161636	-3.50660487132316	0.000453862551468898	0.00845150858739669
C5AR1	48.8651495132933	-2.32488683707207	0.579940185313553	-4.0088390077937	6.10179958537202e-05	0.00173967946497901
C5orf58	3.27276778399064	-3.30760636220351	1.09162887082869	-3.0299733275583	0.00244575336705726	0.0293248548842607
C7orf50	21.2476374160309	-1.65319302466473	0.557474362831151	-2.96550502568214	0.00302186407970365	0.0339939670080191
CA3	9.1847434584651	-3.97541089669163	1.12167635794373	-3.54416928603132	0.000393852271710637	0.00756660242049745
CA4	3.1990322754787	-3.83717250366878	0.937979706807038	-4.09089074723252	4.29719541750423e-05	0.00130407196891846
CABIN1	62.4265346555944	-1.19389994068327	0.387005463935103	-3.08496921088297	0.00203573225792162	0.0256568811466437
CACNA1D	8.04796529227588	-3.85144461455	0.934336004427734	-4.12211944771298	3.75402446427872e-05	0.00117931983355601
CACNA2D2	13.8436588445574	-4.32213740150906	1.0930271009774	-3.95428200969963	7.67648239315204e-05	0.00207362814199731
CAMKK2	31.7076271622817	-0.917708646517749	0.321590104009033	-2.85365947234487	0.0043218830215294	0.0441133715867778
CAPN15	21.4039897792381	-1.96991754621043	0.54455261360348	-3.61749718392655	0.000297465566068792	0.0060944515251099
CAPN8	6.27541149286568	-4.19232631487596	1.18745620193743	-3.53051026895633	0.000414758914913714	0.00785264534887975
CARD6	25.5247717769602	-1.33742886247389	0.453937362902458	-2.94628504232925	0.00321615873047206	0.0356361310932253
CBX6	38.5812386609441	-1.50629621870563	0.355792669700495	-4.23363477379572	2.29944272592718e-05	0.000781718364782139
CBX7	16.0791031478429	-1.64350232937046	0.4642720586495	-3.53995528861068	0.000400194825854275	0.00767065303390831
CCBE1	15.5995280588413	-4.49577403601225	1.27229005256405	-3.53360778617415	0.00040992890306915	0.0077881478412358
CCDC141	11.984389024536	-1.85430536780303	0.642353197340412	-2.88673797449839	0.00389258253462074	0.040736440541213
CCDC85B	10.7853926481939	-1.70804288674513	0.549689199161485	-3.10728842653383	0.00188812083612956	0.0241736466898882
CCDC88B	18.3849318737298	-4.10848909598074	0.751705735855499	-5.46555507030283	4.6146049459801e-08	4.18621167398965e-06
CCDC88C	41.4253243271123	-2.28173794956444	0.75616569733195	-3.01751052397022	0.00254860191553869	0.0301495696619236
CCL21	9.63485149047586	-4.36888307106653	1.24644159975399	-3.50508445155297	0.000456462464721643	0.00847655517344839
CCNJL	3.96775054811569	-4.09498455258213	1.04612184116055	-3.91444322397401	9.06130554047132e-05	0.00238689421100241
CCRL2	5.29988976084529	-3.13410382953434	0.975349404309203	-3.21331393210219	0.00131212785020166	0.0185028569001006
CD300A	27.0889686760992	-3.10126144896687	0.628258690133061	-4.9362810219307	7.96263489321178e-07	5.05910630443613e-05
CD300LF	3.35650118329211	-4.15720815508078	1.17474428212514	-3.53881965491273	0.000401920337352854	0.00767342444758339
CDC25B	53.4384220831388	-0.893009896331777	0.313042031610917	-2.8526836851152	0.00433517498313664	0.0442224344040469
CDCA7L	14.0563062279326	-3.04939097776209	0.867827289000963	-3.51382241191393	0.000441708010385509	0.00827970683776771
CDH23	9.17354802834522	-3.82142020266703	0.781339722411503	-4.89085617056908	1.00398309509248e-06	6.19329790005413e-05
CDHR3	5.18096165006362	-3.60469971099853	1.25162592159642	-2.8800136277146	0.00397657982062703	0.0414585780235911
CDKL2	2.12521109112169	-3.99398510005534	1.19632385376434	-3.33854841018836	0.000842173542709125	0.0134656043234446
CDKN2D	9.94569294552267	-2.83349112412336	0.901815448518152	-3.14198556786681	0.00167806307043568	0.0221358179835699
CECR5	5.63255152235098	-1.81344189995565	0.620373773796805	-2.92314404082081	0.00346516175761231	0.0373229259791963
CEMIP	71.2533836013821	-4.67312360340596	0.92754558545262	-5.03816057851819	4.70027039411077e-07	3.2281533184492e-05
CEP170	70.4638262081417	-0.938842795837343	0.227822079622595	-4.12094735239274	3.77317650476357e-05	0.00118314540160461
CEP250	57.1515168374137	-1.44983940042487	0.396291521040013	-3.65851733748924	0.000253678582467372	0.0053591575005934
CES1	15.0733373762666	-3.15324914969856	0.813387057254052	-3.87668960500029	0.000105887300464586	0.00270522916427898
CFAP221	3.14507672598909	-3.02350741120824	1.01517734809008	-2.97830464489438	0.00289847734140288	0.0331332679377078
CHI3L1	22.3477020005302	-2.26778669909973	0.589571967523219	-3.84649682145957	0.000119818684459269	0.00298473445398977
CHST15	41.2140787064696	-2.17478906226503	0.332679023825755	-6.53719924164531	6.26815228483247e-11	1.20832881090793e-08
CIC	66.6784695692605	-1.34587942068242	0.432267498098761	-3.11353369522804	0.00184861400060741	0.0238478235028929
CLCN4	5.089624369642	-3.16812182746094	1.06369055055252	-2.97842434137946	0.00289734550621793	0.0331332679377078
CLDN18	9.69046683858396	-3.03453784608716	1.07488838575828	-2.82311901988453	0.00475589124997457	0.0472359128598177
CLDN5	21.7592241809986	-3.60776724366858	0.70672288681995	-5.10492487359861	3.3092595790711e-07	2.3687037763444e-05
CLIC2	24.4959905410585	-2.60493307716386	0.583591536405367	-4.46362380991498	8.05849982462381e-06	0.000335059781923819
CLTCL1	10.9583922776509	-2.54757692484931	0.823020052159216	-3.09540079633014	0.00196547108952257	0.0249567751217521
CLUH	23.5297891634238	-1.7346509581838	0.528165909642691	-3.2842917850516	0.00102239012435657	0.0154717449327251
CNN2	61.505681308527	-1.56387661657366	0.333013921061446	-4.69612985423844	2.65137023302959e-06	0.000137546925483529
CNTROB	17.6837356785068	-1.37817901439052	0.376395548687154	-3.66151783462246	0.000250725403526681	0.00533664459902964
COL6A5	10.7648072754057	-6.02110645524008	1.3107150065804	-4.59375716689846	4.35335939456249e-06	0.000205139968803772
CORO1A	19.8493410993851	-2.96327295806365	0.734313956367319	-4.03543052990996	5.45022646184726e-05	0.00160238547138262
CORO7	6.03936985997519	-1.84463554007442	0.602398320973645	-3.06215252574571	0.00219751446121956	0.0272504644152987
CPT1A	54.0646399342239	-0.949758281773354	0.308020028368445	-3.08343027823269	0.00204629053200726	0.0257708037007953
CRACR2A	3.96011760795009	-3.56566253241817	0.78754215318029	-4.52758308621214	5.96621454635642e-06	0.000261526779236151
CRELD2	10.3810570030028	-1.78578000361913	0.615517864751327	-2.90126429448249	0.00371660265611525	0.0392825217808967
CRTC2	31.2740394263188	-1.05022340637573	0.316792994643837	-3.3151724442533	0.000915866068914683	0.0143064014669141
CS	54.3699338580005	-1.08259670561547	0.283394986005432	-3.82009830475518	0.000133398495857737	0.0032824077109795
CSGALNACT2	84.8016047081868	-1.2028283746467	0.424671495398784	-2.83237369985758	0.00462038150964688	0.0463119672795949
CST7	17.4898250480787	-5.89561303799359	1.36625425974164	-4.31516534785295	1.59483485138968e-05	0.000585601264479969
CTA-29F11.1	2.1784117985416	-4.08183685651996	1.09915448069587	-3.71361526355764	0.000204319341087205	0.00455462983206748
CTDP1	18.682191454942	-1.43300787413655	0.488468890555867	-2.93367275141271	0.0033497718473781	0.0365394269228737
CTSD	195.191438963121	-1.52785607654884	0.520902092106839	-2.93309644883413	0.00335599619712941	0.0365646239486855
CTSH	64.4442507955335	-1.55480632475355	0.493568177505658	-3.15013486609097	0.00163195108431441	0.0216792624857554
CXCL12	26.3051608598051	-3.29535078393305	0.560383316347849	-5.88052978702084	4.08955401172047e-09	4.88557706019902e-07
CXCL16	39.7319050576924	-1.77719151194821	0.602155476428068	-2.95138312531898	0.00316354244834871	0.0352715694443842
CXCL17	8.93494619970131	-5.36291368131623	1.492489171002	-3.59326806888373	0.000326556322199299	0.00653266680399636
CXCL3	5.54074119259217	-4.34755485467764	1.16066123093282	-3.74575693476341	0.000179850666013779	0.00412853409777774
CXCR1	4.94809494887933	-2.89450031033362	0.990202138400137	-2.92314083971809	0.00346519738370868	0.0373229259791963
CXCR4	53.8761631082586	-2.45986951999418	0.707157706962908	-3.47853031335654	0.000504171411198063	0.00913756818329481
CYCS	46.6159988353662	-0.96058275057193	0.300550993881185	-3.19607244736535	0.00139312126930137	0.019287580527722
CYGB	5.58620933116474	-2.07339442486015	0.665409700803845	-3.11596663282095	0.00183343016836465	0.0236879736299603
CYP27A1	5.86224169094324	-2.53654595663778	0.831842759596653	-3.04930941259585	0.00229368115455279	0.0280938679464502
CYP2B7P	23.1025916362818	-5.51280889906435	1.60550934431487	-3.43368222588381	0.000595441814505249	0.0103707134920606
CYP7B1	8.85288448120186	-3.21288965026363	0.946698230823217	-3.39378436090433	0.000689339496269952	0.0115652099504719
CYSTM1	22.3170238046038	-1.3826245214294	0.472509019523572	-2.92613360655737	0.00343203508579584	0.0370834670034653
CYTH1	80.0679066272815	-1.12305882430763	0.380768486641901	-2.94945318141263	0.0031833680164058	0.0354224056856243
DAPK2	6.14248089103242	-3.69068834766491	0.728431435069465	-5.06662421469079	4.04932551415541e-07	2.86219825092218e-05
DDIT4	70.6885031995915	-1.75638555604332	0.604579183987324	-2.90513732950511	0.00367091996229361	0.0389940427303374
DDRGK1	32.1667900607206	-1.23531577894378	0.43770966874304	-2.82222639150559	0.00476914974687213	0.0473121966701396
DDX41	30.5515897269392	-1.02773878599829	0.353661179138936	-2.90599830182251	0.00366083435826143	0.0389602093588993
DENND3	97.0589221966858	-1.56908813346404	0.486482750980999	-3.22537259604776	0.00125808817319155	0.0180103019156299
DENND4B	39.3973140836104	-1.43452361700539	0.442363494532584	-3.24286166181312	0.00118335653430624	0.017201765422426
DHCR7	7.00895294623566	-2.4572479818236	0.827225569555998	-2.97046908637325	0.00297345330265348	0.033762825854226
DHX37	11.2093272837586	-1.82808828742837	0.570783213088577	-3.20277163993027	0.00136111865816278	0.0189728980419667
DLEC1	5.24614176506714	-2.6067324408985	0.882151563115826	-2.95497117489802	0.0031269826514849	0.0350370764199404
DMBT1	27.96556198297	-8.19775841273749	2.05094166671249	-3.99707049000467	6.41312086397788e-05	0.00180153184076975
DMTN	34.6488670002472	-3.74471998151686	0.771165275433529	-4.85592401630335	1.19826647064636e-06	7.28580373048204e-05
DNAH10	4.23942286552076	-5.50438668629938	1.32113889654474	-4.16639514641145	3.09454126469248e-05	0.000996125199511255
DNAJC5	52.937247961029	-1.19637554305758	0.326960408532417	-3.65908382738936	0.000253118540068752	0.0053591412804158
DNM2	146.860247676676	-0.925736121372098	0.316426188649102	-2.92559893769945	0.00343793837456628	0.0371045279978925
DNM3	7.06456575572175	-2.53292564715248	0.630402536129128	-4.01794964643615	5.87067378331949e-05	0.00168796796712257
DOCK2	76.0991663257323	-1.74243704874966	0.474542940191665	-3.67182166496018	0.000240827715941364	0.00517794850852889
DOK2	5.99176663488901	-2.43235368705099	0.69028596338712	-3.52368991412752	0.000425581986034496	0.00803067053513815
DOK3	19.973151567038	-2.48209396591042	0.627872762879135	-3.95317986804951	7.71194206072798e-05	0.00207989483494737
DPCR1	4.53704794827697	-4.35309396768792	1.00877067850414	-4.31524632946598	1.59425029366712e-05	0.000585601264479969
DPH2	5.99270352919516	-1.83934748173142	0.631939602478581	-2.91063809661109	0.0036069153334258	0.0385555839421772
DPYD	51.151928671898	-1.80904108908159	0.392857606549458	-4.60482642800463	4.12810023237477e-06	0.000198946285062516
DUOX1	38.6097723047507	-3.49223358081854	0.740035640804451	-4.71900728594953	2.36998332778339e-06	0.000126827751332863
DUOXA1	10.8052298474629	-4.63648940809351	0.834387458917523	-5.55675826445016	2.74830960212014e-08	2.71060023781198e-06
DYRK3	6.00193600452717	-2.68560673836469	0.709487884722033	-3.78527497959585	0.000153538709420575	0.0036892785646043
EEF2	575.930838506427	-1.01755352007021	0.223060675632639	-4.56177906385449	5.07220042512576e-06	0.000232111096862217
EHBP1L1	169.725011351105	-1.76079664559978	0.354515381737559	-4.96677079840577	6.80769677887438e-07	4.34157023145959e-05
EIF5B	197.176294955598	-0.618659123802483	0.20666449353974	-2.99354336686538	0.00275758316067858	0.032106822743824
EMC10	36.6424112651374	-0.949294848291999	0.298555901443117	-3.17962178507755	0.00147467388118621	0.0201230511717881
EMCN	15.2304419816832	-4.50092667296315	1.28892350887897	-3.49200448432955	0.000479410198627808	0.00878262916795048
EMD	12.5744194313984	-1.42329507793424	0.449842397647886	-3.1639860657339	0.00155624246163341	0.0210024638974933
EMILIN1	76.5110938906707	-1.82396656734588	0.522845434983534	-3.48853876366601	0.000485668395553812	0.00885669775461221
EML3	17.185873431647	-1.81908979656846	0.640894370950269	-2.83836132601891	0.00453458185268772	0.0457068606945897
EMR2	16.6568713500045	-2.47866710595456	0.83451979242254	-2.97017174243309	0.00297633303256932	0.0337729187722447
ENPP4	18.4426861383636	-2.35143621730764	0.514764563795422	-4.56798385648424	4.92437948846616e-06	0.000227003189245489
ERF	18.302973365082	-1.5356441343895	0.432374245984265	-3.55165495783342	0.000382816504797344	0.0073964683227587
ESM1	9.55860203807871	-5.52393675860047	1.30991523645816	-4.21701847940672	2.47553695424836e-05	0.000828303922916552
ETS1	188.87919751489	-1.39034388483671	0.490870984623035	-2.8324018497537	0.00461997471954277	0.0463119672795949
ETV1	15.3311400467911	-2.62940413345112	0.79275624221791	-3.31678767497911	0.000910587891002313	0.0142501964787484
EVI2B	49.3121808122481	-2.13086258228074	0.654829855824758	-3.25407060067064	0.00113764002884698	0.0167816743037915
F2RL3	17.5025118381313	-5.50815623607652	0.980541020759629	-5.61746639810064	1.9377784299267e-08	1.99227110819857e-06
F8	30.3464231896812	-2.35420007856667	0.740620960379222	-3.17868411037306	0.00147945227916959	0.0201585770793839
FAH	9.41709544371662	-2.0722749221205	0.610651176064335	-3.39354938358815	0.00068993117601259	0.0115652099504719
FAM20A	24.075939600757	-1.85833596917615	0.61092303662155	-3.04184955842046	0.00235129378257478	0.0285317996543514
FAM20C	22.7700922039325	-2.47544488337292	0.611915730088582	-4.04540161602738	5.2233498994197e-05	0.00154370919327101
FARSA	14.4291120436256	-1.62757590652428	0.479566670636108	-3.39384700017919	0.000689181848385488	0.0115652099504719
FASN	87.2229878278325	-1.36070225741404	0.408059860578905	-3.33456531471544	0.00085432834145415	0.0135955215613773
FBL	32.2788297637936	-1.76295087578306	0.559933488491195	-3.14850051304046	0.00164110435257331	0.0217667664089551
FBP1	7.10685856777693	-3.55082205663797	1.25729378693144	-2.82417848043625	0.00474019804231756	0.047162885389956
FCAR	18.5924260313857	-4.04539342230169	1.05081833136575	-3.84975528266991	0.000118235896154923	0.00294963785642959
FGD3	13.0181614209822	-1.78469631012395	0.62821198114473	-2.84091415587438	0.0044984419683213	0.0454826561972804
FGFR4	6.03438414568722	-3.63402940808024	1.15202554720561	-3.15446946197942	0.00160790205002838	0.0214944447412777
FGR	36.0866768348436	-3.26480550965937	0.655975650415791	-4.97702240561821	6.45698499842615e-07	4.16487808035366e-05
FHOD1	25.3137287972679	-1.659284238916	0.516208553375424	-3.21436796826814	0.00130732021993718	0.0184657620408112
FIGF	2.59823881592677	-4.42414285138259	1.27725032796718	-3.46380247826899	0.00053259743212958	0.00953057261460568
FKBP5	305.989474576459	-2.12207350388525	0.506813467750901	-4.18708980505674	2.82554047333897e-05	0.00092533723146182
FLNA	1066.62826575996	-1.25854125872017	0.422014149301768	-2.98222526614915	0.00286161356142596	0.0328833009746211
FLOT1	95.6936694015007	-0.905202993498947	0.279132104365669	-3.2429196761728	0.00118311560958068	0.017201765422426
FLT3	2.83048963449927	-3.90420745566744	1.11922246056773	-3.48832121693394	0.000486063759110114	0.00885669775461221
FMO2	44.4743423587567	-7.11405719242287	1.82413528893095	-3.89996138750878	9.62080303556518e-05	0.00249934613622248
FMO3	3.70009799321842	-4.31455012635223	1.1315914629014	-3.81281608053998	0.000137392353087746	0.00334393669695915
FMO5	4.42476027708215	-2.12577808322035	0.705473897474896	-3.01326256127853	0.00258455200280499	0.0304347697903985
FOXM1	13.4255402583381	-2.56936246090877	0.858793276719123	-2.99182880276449	0.00277311727888488	0.0321772650608776
FOXO3	113.927446831397	-0.992854093985107	0.300879023270899	-3.29984484525258	0.000967382951128482	0.0148110869882162
FPGS	17.4067337228935	-1.79284818642831	0.507027122440344	-3.5360005551562	0.000406233839821886	0.00774309085251515
FPR1	19.4863823698936	-2.0563464433543	0.685694594838605	-2.99892467992739	0.00270934276289151	0.031631996303986
FRAT2	10.445006862509	-2.39306927955429	0.758154564566137	-3.15643984933831	0.00159707823842122	0.0214141795436469
FUT1	5.89530975453705	-2.82622009094403	0.871370328608133	-3.24342016035644	0.00118103905683613	0.0171975506954232
G0S2	75.6167243688501	-3.09162890691386	0.694857530079084	-4.44929899020019	8.61510159192523e-06	0.000351173846957168
GABBR1	40.9652917713035	-1.399657844245	0.342786740724379	-4.0831738161378	4.44247694084538e-05	0.00134072938888052
GADD45A	34.3468171368737	-1.67573610151112	0.349672679109454	-4.79229920329746	1.6488076119261e-06	9.39008134298521e-05
GALNT10	30.8925108328102	-1.70828998457235	0.42712990134169	-3.99946240992802	6.34865300810482e-05	0.00178901245231711
GFRA1	3.33590453325327	-4.12533290765344	1.11276981800618	-3.70726527705887	0.000209509449384952	0.00464590627368147
GIPR	3.52680005713816	-3.5488052855865	1.10088790389875	-3.22358459296224	0.00126596900515437	0.0180757530983486
GLT1D1	4.31765254779468	-3.07343763150349	1.05014197509369	-2.92668772832291	0.00342592675524938	0.0370646820638077
GOLGA2P5	7.17363484738701	-1.78819853492869	0.628631110910532	-2.84459121397698	0.00444684517603023	0.0451188175220746
GPATCH4	40.7902171896413	-1.42694599276035	0.503744905529501	-2.83267577914351	0.00461601789835174	0.0463119672795949
GPI	96.8044106527288	-1.60881924195662	0.475918054005819	-3.38045432068637	0.000723661027766116	0.0120472872178846
GPR4	18.8939065775569	-2.73342313579526	0.7327842654109	-3.73018808511469	0.000191336883015977	0.00432778517797737
GPR97	7.55944052365391	-3.56206505539299	0.75604500364189	-4.71144579784857	2.45965519864098e-06	0.00012998626414251
GPSM1	9.95182449929153	-2.46499505259382	0.733806165260518	-3.35919098161118	0.000781710236192292	0.0127142209460844
GRIA1	4.41345991018744	-4.01930514611193	1.37177668571092	-2.92999960414761	0.00338962435659026	0.0368132787963592
GRK6	15.3351157466189	-2.48960283498879	0.664622471598977	-3.74589024803689	0.000179755171524183	0.00412853409777774
GUK1	62.1469971627124	-0.87132807689389	0.292049556833686	-2.98349391911623	0.00284977698466178	0.0328198348729141
GYPC	43.4655333753582	-1.76374761314574	0.56874021384709	-3.10114806409651	0.00192771872501001	0.0246027061778622
H2AFY	143.258716398678	-1.01642454866502	0.262869789693201	-3.86664648627483	0.00011034219634053	0.00278710207120326
HAGHL	1.93548349151695	-3.79193327465203	1.2438873612864	-3.04845389757036	0.00230022204220939	0.0281355347402064
HARS	23.8195944198278	-1.25854331905169	0.338992588287154	-3.71259833558839	0.000205142315402578	0.00456697406625896
HAUS5	6.62347339829542	-2.0075398237077	0.711648810581441	-2.82096982930032	0.00478787056211817	0.0473870689706958
HBB	564.707012690368	-3.1588710330145	0.684555713069606	-4.61448348571931	3.94074105797423e-06	0.00019045792395292
HCK	23.814455408206	-1.60680844485433	0.567629364032594	-2.83073524145954	0.00464411459662877	0.0463904995748059
HCP5	9.57336808907318	-2.44664593725043	0.607574178751859	-4.02690901426486	5.65148887732844e-05	0.00164728277173539
HHIP	15.7107237690045	-5.2871848866937	1.09068459666491	-4.84758371289082	1.24974301974606e-06	7.51795765495467e-05
HIC1	7.13464702035956	-2.7807754726636	0.785821867189993	-3.53868426009489	0.000402126522866166	0.00767342444758339
HIPK2	283.481872151305	-0.991702549054367	0.334135781658256	-2.96796273698293	0.00299780670765056	0.0338446360363847
HIRIP3	15.2930438692367	-1.73442921249827	0.609822566259912	-2.84415387107705	0.00445295378253338	0.0451253930507146
HIST1H1D	21.0557993483942	-2.55344375074577	0.90273818121642	-2.82855406348833	0.00467588026101944	0.0466165140947858
HIST1H2AB	7.77901290271752	-3.66072009186257	1.20123199225209	-3.04747135896654	0.00230775517143685	0.0281848514962238
HK1	137.386105176666	-1.19107156413789	0.377471542152712	-3.15539433077588	0.00160281314229491	0.0214433139951821
HK3	29.1404581516036	-3.19312615325842	0.870322777371648	-3.66889875374925	0.00024359751961668	0.00520875415431386
HMBS	9.04481120147803	-2.69577255203686	0.959544708319266	-2.80942881417039	0.00496294932965527	0.0485592461406781
HMOX1	75.1897753970489	-2.45345458995595	0.701131924647066	-3.4992766749153	0.000466522223932832	0.00861162459934338
HNRNPCP2	6.32688323618447	-2.23868072060696	0.76010456008122	-2.94522732552446	0.0032271746027147	0.035675545386753
HNRNPUL1	132.347362333307	-1.06058441354762	0.286972124810577	-3.69577503127763	0.000219217024806932	0.00481086365954049
HPCAL1	22.4028702474664	-1.50223687590006	0.512095382290373	-2.93350990430968	0.00335152960928976	0.0365394269228737
HSPA6	18.2871928611968	-3.67733703265126	0.872902904768519	-4.21276755130793	2.52260632586145e-05	0.000839088111998305
HSPB7	21.6623456410062	-3.02567574074521	0.507612723837577	-5.9605986979029	2.51315456019684e-09	3.30489565575033e-07
HYAL1	5.3533936020126	-2.73067422079181	0.902141169253874	-3.02688128405695	0.0024709097939878	0.0294771545324957
ICAM1	71.5508777298861	-1.84821952381171	0.658776359405498	-2.80553407453723	0.00502332698407037	0.048853906550804
ICAM5	2.16138835338162	-3.01003992502959	0.952683260042785	-3.15953901078771	0.00158018944194327	0.0212502771951307
IFI30	7.01459018310352	-2.71926925766681	0.774410897644585	-3.51140365655703	0.000445747000215613	0.00833699240535574
IFT57	34.4064747867797	-2.10156344441783	0.574182952517228	-3.66009376489592	0.000252122972388073	0.00535295882802411
IGFN1	3.72368458997511	-4.37397134272848	1.31080100147911	-3.33686908828486	0.000847278465634193	0.0135086765893031
IGHG2	40.7193686335	-6.06121185141506	1.95461863603923	-3.10096902774716	0.00192888465082273	0.0246027061778622
IGHV1-24	4.96372243947001	-5.69019893520092	1.71001048503023	-3.32758131310542	0.00087603419087095	0.0138370987094365
IGHV3-33	2.4596770816625	-4.67588743260459	1.5928991781093	-2.93545724479227	0.00333056506191351	0.0364192892029114
IGLV1-44	3.28340229882431	-5.09880812165654	1.77476493734279	-2.87294841946257	0.00406660505458648	0.0422190257931487
IKZF1	35.6914450262836	-2.06747824403272	0.64386804746148	-3.2110278684957	0.0013226110755979	0.0185878094747746
IL16	17.0655083414706	-1.71691758922452	0.478753402137884	-3.58622535434231	0.000335499056998905	0.00664295241774632
IL17RA	56.5449592286596	-1.62029380959843	0.450376521829122	-3.59764270796777	0.000321114316251403	0.00648498007248667
IL18R1	34.8568048703021	-1.63387993133391	0.51377096261572	-3.18017180849512	0.00147187757927614	0.0201200090691703
IL18RAP	5.53265404893189	-3.17957269743345	1.04301952983018	-3.04843064439181	0.0023004000639393	0.0281355347402064
IL4R	78.2715418263459	-1.7191996255962	0.528179477989888	-3.25495347176119	0.00113410944285148	0.0167607549894563
IL6R	33.4923332890576	-2.01747297957438	0.388319069058209	-5.1954002271054	2.04279873456207e-07	1.53336450146509e-05
IL7R	81.5178226196242	-4.00336632176631	0.85161203807606	-4.70092735045245	2.58982649783491e-06	0.000136018008387837
IMPDH1	23.5448288001538	-2.12982866707203	0.575120917812177	-3.70327108805941	0.000212837233960847	0.00470126411056226
IMPDH2	52.7661069596246	-0.977352571274516	0.343417943117071	-2.8459566276691	0.00442782253145721	0.0449781924692456
INMT	51.4943180054707	-2.63811008053003	0.658769720230103	-4.00460130378876	6.21221655001461e-05	0.00176522682670767
IRAK1	56.2830300570516	-1.49431790684757	0.470345840721109	-3.17706202005861	0.00148775216657934	0.0202506355312682
IRAK3	106.978076037735	-1.88861186107112	0.430414594049873	-4.38788992561966	1.14455673353332e-05	0.000440278014232638
ITGA2	75.7021647313891	-1.92832012659663	0.662688151960074	-2.90984548447579	0.00361607481146601	0.0386048414737001
ITGA8	20.6018196201164	-6.76667599896047	1.85084420018641	-3.65599438260602	0.000256186964114146	0.00540541748660744
ITGAX	66.1804790082123	-2.82135759033787	0.669017122799755	-4.21716798298201	2.47389684722778e-05	0.000828303922916552
ITPR3	83.7501162166181	-2.00391283666595	0.469834761531607	-4.26514383510797	1.99773461483501e-05	0.000698754020743527
IVD	17.3874122919292	-1.42976118929083	0.463376731396899	-3.085526510968	0.00203192109099162	0.025627888020507
JOSD1	29.2313052538735	-1.45936302792812	0.483857284294113	-3.0161022171179	0.00256046928327097	0.0302688508163127
KBTBD11	7.71044554893833	-4.32079591716886	0.750241933496946	-5.75920343059104	8.4511801371229e-09	9.24940773200986e-07
KCNAB2	23.8900292200213	-2.25122995842615	0.580652950963778	-3.87706624876274	0.000105723578018394	0.00270512032806038
KCNE1	9.89847997493784	-2.87543847826135	0.783777824089479	-3.66869078185743	0.00024379573205171	0.00520875415431386
KCTD15	9.44019590306294	-1.58049782985064	0.552026961280213	-2.86308086508182	0.00419543474278962	0.043179833195652
KDM6B	99.893552535783	-1.05127952840504	0.338229031212664	-3.10818833213651	0.00188238071740285	0.0241183583761495
KIAA1211	8.38391973808669	-3.00560047359962	0.923402451880373	-3.25491931224479	0.00113424585757462	0.0167607549894563
KIAA1958	10.3858474759857	-1.75372066997174	0.561404085552731	-3.12381173401171	0.00178524644139316	0.0232246323863447
KIF20B	21.7933001976881	-1.95329031334773	0.697178521317575	-2.80170753059958	0.00508329344006752	0.049163620249319
KIF21B	18.0774358089473	-2.11332523503962	0.626464712380912	-3.37341464455008	0.000742420603433552	0.0122275952588804
KLC2	11.2030875852359	-1.58415939562118	0.557727700111436	-2.84038141785796	0.00450596221231453	0.0454994898629189
KLF13	47.6419387199406	-1.82325169393213	0.326156637276044	-5.59011065713499	2.26924953044485e-08	2.26444406085097e-06
KLHL2	14.2937504914976	-1.60447704849867	0.446160601042188	-3.59618721319357	0.000322915442669606	0.00648800097696358
KLHL6	20.3389376771009	-2.12421592529199	0.469624502620868	-4.52322209219753	6.09052727058486e-06	0.000266287898500519
LAMP3	56.4129487490367	-4.82212319430705	1.00187157079318	-4.81311510864548	1.48595641014756e-06	8.69233260060108e-05
LAT2	11.8069848783145	-1.66676733764886	0.571810984933574	-2.91489212618481	0.00355811505875724	0.0381782820093345
LBH	113.437918285171	-1.39056255307713	0.462578156459934	-3.00611374241916	0.00264609997142146	0.0310646643011721
LINC00342	9.44797088072279	-2.36801014510069	0.673132551476077	-3.51789575457018	0.00043498320364214	0.0081807705837974
LPPR2	11.1582295511215	-1.94714398717207	0.554398859143639	-3.51217170644932	0.000444460742173034	0.00832211040863505
LRG1	4.45011794947055	-3.58564143587888	1.12776295392377	-3.17942828624006	0.0014756587867074	0.0201230511717881
LRP5L	5.61899594672454	-3.22543867201906	0.688389789514382	-4.68548302306229	2.79300450547498e-06	0.000144013764227591
LRRFIP1	258.723895520318	-0.782508061700144	0.235968162975091	-3.31615948454346	0.000912637304536068	0.0142691052849307
LRRK2	99.6536051409977	-3.5199719296878	0.592426699060374	-5.94161595902192	2.82225986755018e-09	3.62703154493343e-07
LTA4H	54.7761782931115	-2.13770264326293	0.406011757948731	-5.26512496599388	1.40094029875573e-07	1.10537447572522e-05
LYZ	143.086845687349	-2.50289615025811	0.841649284204778	-2.97379941649085	0.0029413728152684	0.0335107108382896
MAFG	31.2623837327734	-1.27867101324228	0.430799044383064	-2.96813799824796	0.00299609785023589	0.0338446360363847
MAP2	35.9088222654851	-2.69904473430424	0.870346764323007	-3.10111422819349	0.00192793902257313	0.0246027061778622
MAP2K3	29.136829450935	-1.82512660422545	0.45129074679999	-4.04423670808021	5.24938631149121e-05	0.00154870590240238
MAST3	18.0320272484692	-1.97880372817172	0.474062817035733	-4.1741382303404	2.99116111355079e-05	0.000971549813327407
MBOAT7	24.9322963737883	-1.27065396672419	0.437633726553554	-2.90346444898301	0.00369058869042055	0.0391294665901839
MDC1	60.8615422419045	-1.04321661937902	0.349829389942035	-2.98207254556823	0.0028630414725015	0.0328833009746211
MECP2	59.413323090739	-0.970880684743904	0.300208919591924	-3.23401678425687	0.00122062281949679	0.017607691760156
MEGF6	7.75387206554387	-2.94869837160864	0.721323703715527	-4.08789889535023	4.35297776848085e-05	0.00131864133686624
MEGF9	69.360384233788	-3.06108265068325	0.516804211230469	-5.9230992785354	3.15929980346752e-09	3.96995273081653e-07
METTL7A	80.1205740101043	-1.61472408046321	0.432762948781663	-3.73119761062971	0.000190571661293869	0.00431704670564394
MICALL2	23.8635486732598	-2.95879003432526	0.746785162560446	-3.96203644992179	7.43131916484449e-05	0.00203600240571752
MICB	6.61041798545085	-2.84427357854105	0.654957983153156	-4.34268098366844	1.40754448465424e-05	0.000528265146851208
MID1IP1	19.1754549904405	-2.39853066514063	0.389472196354802	-6.15841307181685	7.34774976367866e-10	1.1331566090095e-07
MKNK2	78.6369600938903	-1.94279282103884	0.431109102120929	-4.50649919354723	6.5905935779645e-06	0.000284349558510947
MMP24-AS1	21.5061645946588	-1.89731216417615	0.450051843749578	-4.21576356263495	2.48934467409946e-05	0.000831284312035891
MNDA	46.4086150980413	-2.2188861243266	0.671419039701422	-3.30477093010847	0.000950540546780864	0.0146724020342044
MOXD1	10.3469099708137	-3.12458789150895	0.989887368442489	-3.15650849896715	0.00159670234146708	0.0214141795436469
MPP3	5.362348406858	-2.68001367885454	0.851046804878751	-3.14907906767403	0.00163785874300173	0.0217407165229118
MRC2	38.7357389578514	-2.27309802715523	0.738241876696848	-3.07906947425668	0.00207648252315102	0.0260736117858874
MRPS25	29.0311123553052	-1.27850820931491	0.379792584902167	-3.36633273038821	0.000761747649505035	0.012473250121818
MSN	632.519106191865	-1.21718935630154	0.391868392506736	-3.1061177159896	0.00189561236801827	0.024239876856445
MT1X	22.072303313142	-3.52843968970009	0.983906946407584	-3.58615182318109	0.000335593623084685	0.00664295241774632
MTA2	44.1526608186036	-1.0406803037504	0.323970439939163	-3.21226931674947	0.00131690860323922	0.0185240775666253
MTHFR	18.7830812341315	-1.66353927090755	0.4792760537041	-3.47094176320897	0.000518636466776439	0.00933986095795701
MUC21	3.12119665344433	-4.53017056235562	1.53605642434261	-2.94922145473555	0.0031857560539508	0.0354224056856243
MUC4	103.734823497966	-4.42184498925911	1.10637868825232	-3.99668308528615	6.42362046050078e-05	0.00180153184076975
MUC5AC	5.08032571138963	-5.26749387207657	1.50159195071836	-3.50793960340332	0.000451591560981449	0.00841846070383439
MUC5B	13.2080010554859	-3.97567972445246	1.05186275472428	-3.77965633500788	0.00015704496493862	0.00375756105108428
MVP	71.502374165342	-1.5306766029322	0.466412273239264	-3.2818103012203	0.00103142968940945	0.0155651320212654
MXD1	115.096335598464	-1.46990851531516	0.447504157413591	-3.28468125036132	0.00102097805301294	0.0154641711529568
MXD3	5.2281435904004	-2.96233763828599	0.89386446634306	-3.314079203087	0.000919454586108555	0.0143360547782588
MYBBP1A	27.2266518261451	-2.49029636424528	0.450211588669401	-5.53139107681644	3.17701119303437e-08	3.03590356901807e-06
MYBPC3	2.15226036522911	-4.00963852328762	1.33770366498989	-2.99740415476692	0.00272289464630151	0.0317465187490439
MYEF2	9.58392721893991	-2.26244110969299	0.547847412519293	-4.12969206021999	3.63249443672996e-05	0.00114888151505009
MYH9	1583.49311357956	-1.11380160501427	0.279428415161745	-3.98599979307601	6.71965700804885e-05	0.00186566712740656
MYO1F	61.8569043259885	-2.01792655911521	0.54441932962729	-3.70656670198813	0.00021008792347407	0.00465265213291661
MYO1G	24.7618877062218	-3.22211035439298	0.734500158581325	-4.38680688730747	1.1502682943129e-05	0.000441474012324071
MZB1	7.20004238442812	-5.22772130150919	1.60302327518728	-3.26116369139958	0.00110955966561515	0.0165837622621105
NAMPT	336.711063345374	-1.75994974919581	0.531983139078564	-3.30828107117113	0.000938705464979164	0.0145426479524261
NAPSA	23.4034813872244	-3.99894855760719	0.769159937735555	-5.19911186401659	2.00242994209336e-07	1.50974317945208e-05
NARF	43.057433859171	-1.85427125703279	0.623887311165547	-2.97212529225612	0.00295745966972431	0.0336713730451028
NBEAL2	82.9660906971964	-2.71427226149384	0.444477806235971	-6.10665419828149	1.01741340010696e-09	1.51398253679074e-07
NCAM2	11.4101568277508	-4.27816210413303	1.04461480167881	-4.09544465314638	4.21358884616976e-05	0.00128329122417278
NCF2	49.364712959394	-1.66201314974535	0.515442004212762	-3.22444258745221	0.00126218162397671	0.0180384575140193
NCLN	22.1359285804089	-1.802882606297	0.43589556904657	-4.13604251642298	3.53346751251267e-05	0.00112461056064287
NCR3LG1	9.22861652563451	-2.22531478327058	0.629682747293548	-3.5340253371007	0.000409281841933645	0.0077881478412358
NDUFB9	17.9999511105505	-1.14443204616642	0.40705876495139	-2.81146641395398	0.00493162391422836	0.0483863898675361
NES	113.601878021553	-2.3255582711351	0.714822061870009	-3.25333869110213	0.00114057462212164	0.0168103456904184
NFAM1	10.7841503300914	-2.59367620930397	0.617551856040044	-4.19993265980207	2.66994376302266e-05	0.000881185330659851
NFATC1	14.835671465751	-1.71147295733493	0.476713597235871	-3.5901492368973	0.00033048869022029	0.00660354551342402
NFE2	13.0102264889212	-3.46875044702828	1.21296815071162	-2.8597209621648	0.00424013913661968	0.0434883435995262
NFIC	162.023821458057	-1.98828019997132	0.393288757266255	-5.05552259818417	4.29213798291574e-07	2.97191137723195e-05
NFIX	87.5157151797362	-1.96846221567271	0.412682803235147	-4.76991578093716	1.84302957808817e-06	0.000102508700861271
NFKBID	8.47424092745887	-3.25321518080212	0.896227751186928	-3.62989784292407	0.000283533411666936	0.00587413597263674
NKX2-1	10.3181168195337	-6.76598769065613	1.25904097445581	-5.37392176102972	7.70422975369216e-08	6.63424129652963e-06
NLRC3	4.88871033932077	-2.54815011569021	0.859330428309984	-2.96527392926324	0.00302413520698839	0.0339969712732611
NME4	20.1207153203348	-1.49134971935808	0.446786597122807	-3.33794641325858	0.000844000246717932	0.0134817515869331
NOD2	6.42635591302296	-2.17507745445043	0.636538475238432	-3.41704003616701	0.000633059690539784	0.0108526697359724
NOLC1	78.0747412512882	-0.841655044253042	0.261368159709841	-3.22018965579973	0.00128105814639614	0.018209327241437
NOP2	17.8721898791643	-1.48324842513917	0.446615358724848	-3.32108691777655	0.000896676080378572	0.0141049644794219
NOTCH1	54.5470866309628	-1.22549933107393	0.403248730423885	-3.03906556577554	0.00237313200148652	0.0286907878852671
NPNT	55.9376692259698	-3.72906409032579	0.773756576727922	-4.81942797319453	1.43970417326605e-06	8.50980543389733e-05
NQO2	15.4930726392299	-1.59040347943154	0.455634848613391	-3.49052203594947	0.000482077855221806	0.0088124663103262
NR4A2	11.2562930985138	-1.83526015553133	0.648365645229732	-2.83059438610609	0.00464616003169036	0.0463904995748059
NSUN5	7.18742732007136	-2.16072618729365	0.641319534552001	-3.36918816733541	0.000753899426816932	0.0123925870896535
NTNG2	10.0075450030491	-3.99813282778928	1.26058715722236	-3.17164331310417	0.00151579056162734	0.0205382356928483
NUCB1	140.166316070659	-0.884932231321974	0.258439505967336	-3.42413683236889	0.000616755580821937	0.0106327659279099
NUDT16	49.9380382465153	-2.4821279541645	0.59377329978907	-4.18026198727064	2.91173436260811e-05	0.000949897340909307
NUGGC	3.68648164659157	-4.76170465394589	1.39601861886065	-3.41091772675074	0.000647446244920175	0.0110384704510812
NUMBL	19.4138299756969	-1.61861568953437	0.461809540671065	-3.50494207456676	0.00045670663926738	0.00847655517344839
NUP210	26.3760853255019	-1.87292808879148	0.618738075604927	-3.02701282276892	0.00246983481016061	0.0294771545324957
OAZ1	112.373137338312	-0.896372917532078	0.287349511915536	-3.11945167944312	0.00181187976421901	0.023481075874875
OBSCN	40.9888514959829	-2.01585815316001	0.541344837618116	-3.72379676146846	0.000196248931174284	0.00440949254098087
OPLAH	2.82640252206495	-2.90845202697221	0.849302986904803	-3.42451642325168	0.000615894617751281	0.0106287246139702
ORAI2	16.7038107791817	-2.36783975829514	0.610889376506702	-3.87605325834171	0.000106164456291591	0.00270823133312865
ORM1	5.22442736625869	-4.2570932326867	1.39473679846443	-3.05225562082657	0.00227128590311994	0.0279203580148744
OSBPL7	5.71538345705981	-2.33194297565701	0.686305881288139	-3.39781872665894	0.000679254123742589	0.0114314156301283
OSBPL8	125.71303539094	-1.03441702229027	0.367512919010177	-2.81464125145933	0.00488317124890998	0.048077839272495
OSCAR	7.00255197267846	-3.24344755383283	1.03284473816556	-3.14030505649234	0.0016877199075164	0.0222113890699055
PARVG	9.88674976651272	-2.39705685716821	0.686658517726384	-3.49090092860884	0.000481394726292202	0.00880947156075611
PASK	8.53410526747182	-2.56846902694962	0.89351370444524	-2.87457149696917	0.00404576158652194	0.0420798893646586
PDZD8	66.3451071886649	-0.776411940790219	0.272980309485817	-2.84420492544924	0.00445224028649215	0.0451253930507146
PEBP4	2.93153923609608	-4.23125653541689	1.22007362523238	-3.46803377100378	0.000524281397986303	0.00940159580913282
PER1	113.184436009816	-1.57679416393739	0.413504368071785	-3.81324669262902	0.000137153089095406	0.00334290948766445
PFKFB2	25.9340705803937	-1.71772175155381	0.492285761917124	-3.48927774157926	0.000484327635661406	0.00884406244495167
PFKFB3	145.877844231719	-2.41622572635865	0.378861483850703	-6.37759663980732	1.7988853949619e-10	3.14602692859164e-08
PGD	87.3235278061845	-1.99239500367602	0.549059777165246	-3.62873968652849	0.000284808246573622	0.0058920574327743
PHACTR1	24.5817492940012	-2.3989650279229	0.554067882529008	-4.3297312541795	1.49291421968245e-05	0.000552964996128668
PHC2	67.9352147939434	-1.27936318134971	0.355021012315763	-3.60362665016521	0.000313807728943409	0.00636774439449281
PIEZO2	34.6676429847626	-3.80239161249034	0.85831836308041	-4.430048075453	9.42120831593175e-06	0.000372135453621103
PIGQ	11.5011688080387	-2.42601814160648	0.861844473979513	-2.81491407655548	0.00487902769879381	0.0480649395367818
PIK3CD	19.6129869928699	-1.43945598757538	0.512615742487312	-2.80806044034242	0.00498408715954955	0.0486479025170302
PIK3IP1	21.713246149418	-1.35775733293374	0.363610463167358	-3.73409863155892	0.000188388661063744	0.00428394805132085
PIK3R5	26.2944335796261	-2.44255729868683	0.509701274376992	-4.79213496507805	1.65015829384667e-06	9.39008134298521e-05
PIM2	19.4760334186764	-3.16311721872247	0.908096221491762	-3.48324014995493	0.000495383769183271	0.00899752704542293
PITPNM1	18.2351984957879	-1.68513655921717	0.486368845764449	-3.46472964683534	0.000530764760599005	0.00950780717930466
PKHD1L1	10.0500357213787	-3.08062728997841	0.952420140432061	-3.23452556198664	0.00121845013178129	0.0175913089664151
PKM	307.149857323378	-1.08550553970091	0.362510549243994	-2.99441089911645	0.00274975355577971	0.0320376506320378
PKN3	4.60224758104841	-2.24915107734489	0.723188623344617	-3.11004764834792	0.00187057166219178	0.0240313840267875
PKP4	33.6405965350687	-1.94201873537506	0.536506847870928	-3.61974640786368	0.000294891878132972	0.00605635087245489
PLA2G4F	6.1897288976971	-5.59634834017826	1.21201654628913	-4.61738608875661	3.88603867420784e-06	0.000188350743055034
PLAUR	43.6351568049874	-2.02607722392173	0.609268904883229	-3.32542364739596	0.000882842769979318	0.0139316695348178
PLCB2	22.3005177233021	-2.01344742939707	0.578373384579565	-3.48122421100117	0.000499127491543085	0.00905582755779347
PLEK	66.0119525878058	-1.86396221035354	0.589970892802929	-3.15941385090699	0.00158086829876533	0.0212502771951307
PLEKHM1	25.4156802637742	-1.08503814832399	0.378008714754451	-2.87040511494243	0.00409946210608562	0.04248214732293
PLS1	6.24129813190865	-3.65713730180411	1.00114171276826	-3.65296666312281	0.000259227897155717	0.0054425025338485
PNPLA6	33.3125256348148	-1.53593381762109	0.519990465928028	-2.95377303674195	0.00313914780911813	0.0350590888039965
PODN	25.8734457333806	-1.7779474371907	0.610452834144656	-2.91250582804139	0.00358541509718959	0.038398347038336
PODXL	239.089440151485	-2.57490766694594	0.664951251027025	-3.87232547193341	0.000107801865138149	0.00274175538261404
POU2AF1	4.37552217292794	-4.48575918430475	1.49932313052019	-2.9918561869638	0.0027728685485421	0.0321772650608776
PPARGC1A	5.35479125770943	-2.97676782688143	1.06292337403699	-2.80054790363264	0.00510159350191195	0.0493124969609312
PPP1R12C	56.4580198160492	-1.16435900163553	0.360671546693071	-3.22830844936706	0.00124524624346325	0.0178717066616841
PPP1R1B	3.13125473895198	-5.02311522761236	1.49643036319581	-3.35673169373874	0.000788696082656712	0.0127788350966461
PPP1R9B	77.6339023134928	-1.24212990640337	0.310279512277232	-4.00326111539566	6.24752819753564e-05	0.00177078841533568
PQLC1	11.7213462347673	-1.91920823010789	0.651601185475191	-2.94537252676769	0.00322566033268971	0.035675545386753
PRAM1	15.0417491755183	-5.00561524637275	1.1284996394631	-4.43563743516503	9.18002415995237e-06	0.000367287570399604
PRDM16	6.60307748756756	-2.53748761175068	0.873785543722187	-2.90401647175506	0.00368408777038857	0.0390849686909767
PREX1	87.6791714015794	-1.93222747896811	0.39593409169566	-4.88017455302469	1.05991986932264e-06	6.51466690695266e-05
PRG4	85.6963131259275	-7.00159821124565	0.756417397668694	-9.25626278933407	2.11712830081255e-20	2.56535460678458e-17
PRKCB	34.0816262748136	-1.78927034414756	0.599481513801403	-2.98469644677035	0.00283859864337799	0.0327355454699281
PRKCD	21.4479972246897	-1.60514094577427	0.463871691470139	-3.46031235639133	0.000539549126187406	0.00962451248858375
PRKCQ	3.06478046628501	-2.85514112028933	0.940549081310868	-3.03561098194902	0.0024004886096951	0.0289217960048776
PRPF38B	115.484707550622	-1.06362555640245	0.356855383816302	-2.98055067861879	0.00287730624534872	0.0330247788539213
PRR12	30.0463533624959	-1.07108332917776	0.333976487466581	-3.20706208183273	0.00134098053426054	0.0187848008118876
PRR15L	2.23594713034174	-4.20076589934444	1.306041864999	-3.21640983487742	0.00129805315186252	0.0183654492645503
PRRC2A	195.885842062447	-1.17143836918532	0.359421639873216	-3.25923160775332	0.00111714426729231	0.0166238906581989
PRRX1	54.2733269629637	-2.1339386755312	0.711424947724245	-2.99952747279581	0.00270398737104175	0.0316129853634406
PSTPIP1	11.571468193647	-3.24371050191578	0.862874438995695	-3.75919178425445	0.000170463133963566	0.0039996356909515
PTK2B	58.5138918806198	-1.94926882761499	0.548907904138942	-3.55117645950602	0.000383513194404452	0.0074014992376304
PTP4A3	9.28174533446286	-2.53588578532985	0.809666820333184	-3.13201149120364	0.00173613079985575	0.0227250948215686
PTPN7	6.28815000269244	-2.88345054388007	0.940242017203391	-3.06671100750897	0.00216427991823089	0.0269962092153447
PTPRC	150.524431582982	-1.87496193851229	0.567067472164	-3.30641772020038	0.000944970986419274	0.0146130244426769
PTPRE	54.8138064756284	-1.14291366026803	0.352081671067447	-3.24616063313642	0.00116972817788485	0.0171062662152056
PTPRS	52.2685654535508	-2.18281026521694	0.586537784279212	-3.7215168804502	0.000198029624975703	0.00444361714032781
PTX3	53.474260656586	-2.27061077155736	0.793211706965008	-2.86255327754199	0.00420242601638955	0.0432060332982014
QSOX2	16.7204462787728	-2.47807256849554	0.617362454736754	-4.01396707798209	5.97066779267411e-05	0.00171091906140074
R3HDM4	25.6313709938458	-1.72082818462981	0.460133875739646	-3.7398424140445	0.000184135657870974	0.00420414172291144
RAB20	13.3895738641146	-1.3777296484076	0.437870648673378	-3.14643069267539	0.00165276427442887	0.0218701194628794
RAB27A	33.4248478563796	-1.88560835142198	0.498321872608475	-3.78391649066442	0.000154379641414063	0.00370423795890829
RAB3D	15.7325146836607	-1.80015551711978	0.441868277904105	-4.07396413623169	4.62196021329759e-05	0.00138528150279824
RAC2	23.7581919546641	-3.08506002359429	0.880102754117292	-3.50534072204839	0.000456023271337222	0.00847655517344839
RAI1	30.8773213060785	-2.48340911824133	0.497188927738937	-4.99490028777413	5.88661739893836e-07	3.90080381076525e-05
RALGDS	39.5815043282317	-1.38265291048804	0.364479180339753	-3.79350312739176	0.000148536759367978	0.00358432089035332
RAPGEF4	8.73089570239917	-2.79165729428407	0.734816608488872	-3.79912111679815	0.000145210120175464	0.003509037718884
RARRES2	18.272570190245	-2.79704053993397	0.723402842797517	-3.86650476671802	0.00011040630699414	0.00278710207120326
RASAL3	7.75894113406116	-3.76806649136092	0.806746398526789	-4.67069515059731	3.00182148126603e-06	0.000153382227735533
RASGRP4	7.81446712602247	-1.81734700162595	0.597714709626754	-3.04049234920252	0.00236191692341828	0.0285992567372361
RASSF2	57.560548526044	-1.31274376835992	0.440799862095286	-2.97809478006631	0.00290046277146306	0.0331336366701005
RASSF5	19.3046639596991	-1.58584095950771	0.562731649207974	-2.8181122596174	0.00483069170369023	0.0477273465704141
RBM38	14.9443429441565	-3.19349489621475	0.806831280889406	-3.95807025812685	7.5557734972864e-05	0.002054104833461
RCAN2	11.3346889800234	-5.49358901292505	1.21637123405226	-4.51637531300665	6.29071295315538e-06	0.000272930062755314
RELT	15.8300210512754	-1.77428715360984	0.516812202266918	-3.43313711601081	0.000596640283821566	0.0103782706807087
RENBP	8.60142713763441	-1.94298174331139	0.637154545175243	-3.04946697473058	0.00229247836394338	0.0280938679464502
REPIN1	20.7378136930916	-1.50603279697172	0.421423660576757	-3.57367878896637	0.000352000700158747	0.00688735856688925
RGS3	26.8815636958392	-1.56425106768381	0.496000184769941	-3.15373081647006	0.001611976978212	0.0215319507546365
RHOBTB2	42.2420418116535	-1.53774304481176	0.518046643128633	-2.9683486327117	0.00299404526784419	0.0338446360363847
RHOH	4.13312873323623	-3.96397637538835	1.00344033370112	-3.95038573022823	7.80253432340831e-05	0.00209765756358635
RHPN1	2.9750924938559	-3.40751042841523	0.863984438307392	-3.94394884598939	8.01507621211084e-05	0.00213573746098706
RIN3	39.8254133833615	-1.49230256290797	0.414992227892592	-3.59597713549036	0.000323176186367261	0.00648800097696358
RMDN3	17.2585094331082	-1.25408612328156	0.37993525741727	-3.30078901286131	0.000964133562706829	0.0148014133554377
RNF166	16.6932573294736	-2.6075866095437	0.633103969966077	-4.11873362551086	3.80960211167081e-05	0.0011857998205942
RNF24	39.240036063848	-1.79960569487206	0.626182944854596	-2.87392959143903	0.00405399328047503	0.0421138652847388
ROBO3	3.5334785718543	-2.02545418402468	0.706966555823975	-2.86499292977727	0.00417018552947906	0.0429787529295764
RP1-257A7.4	3.88317313500392	-2.6997439674739	0.91916836138715	-2.93715937241315	0.00331233830608369	0.0363234586096018
RP11-1023L17.2	8.79975239433247	-2.57024146305227	0.635798933942545	-4.04253817651813	5.28757002374528e-05	0.00155726281046554
RP11-1212A22.1	3.95128694614814	-2.24208639950234	0.782194810574088	-2.86640408398616	0.00415163944818064	0.0428580307659827
RP11-211G3.2	9.59721388464586	-2.08104930469422	0.578622044051649	-3.596560701563	0.000322452363496488	0.00648800097696358
RP11-325F22.2	4.12085659838704	-2.96264806120004	0.760163982052242	-3.89738021157182	9.72388929801148e-05	0.00251841310002239
RP11-415J8.3	11.27250471739	-1.88438379125602	0.639872915881001	-2.94493444633694	0.00323023094282319	0.035675545386753
RP11-4B16.4	6.3321656776591	-2.9700482109012	0.879458054085995	-3.37713458544412	0.000732452021559165	0.0121459590359039
RP11-563J2.3	6.27732053017836	-3.01048325107918	0.935833186518021	-3.21690157439315	0.00129583045576547	0.0183493053853134
RP11-680G24.5	9.23500351908709	-2.02498359632085	0.597626220318389	-3.38837809900983	0.000703072729113561	0.0117622542176356
RP11-803D5.1	12.8708617286908	-2.06904558055655	0.668261155171686	-3.09616317594426	0.00196042446092806	0.0249113412398379
RP11-925D8.6	4.05138554041165	-4.11355445096065	1.34950807936534	-3.04818808709556	0.00230225778709626	0.0281379690924359
RP11-93B14.9	9.57668689206713	-3.4677441352924	0.885425220328399	-3.91647318788394	8.98538038138463e-05	0.00237057531554913
RP13-20L14.10	11.6394480337041	-3.68107993726936	0.860640484212211	-4.27714011227213	1.89309659260846e-05	0.000671851267719872
RP3-323N1.2	1.94213265941705	-2.69518154530788	0.949632131222691	-2.83813221635384	0.0045378381380016	0.0457125214804389
RP4-530I15.9	9.13884544785034	-1.77591295805645	0.511557164850785	-3.47158261105474	0.000517400108346097	0.00932749780869627
RP5-1198O20.4	2.2961297268245	-4.17733833865031	1.32063839467124	-3.16312046924111	0.00156087726209056	0.0210482685803691
RP6-159A1.4	13.465163165671	-2.7426816180163	0.952544033400163	-2.87932265789974	0.00398530367037734	0.0415019591554826
RPS15	52.4150970145374	-0.936795355870543	0.328713681589284	-2.84988246105629	0.00437353881593497	0.0445601876717843
RPS6KA1	17.4650588259302	-1.83643094180583	0.521251401213211	-3.52311943436803	0.000426499118137623	0.00803903448898516
RPS6KA2	67.7240731650628	-2.10416854948573	0.534143571655175	-3.93933141040236	8.17089957228525e-05	0.00217258840664964
RPS9	92.1701672165016	-1.21267605972606	0.317591233380457	-3.81835495526208	0.000134344534256611	0.00329814859497707
RRP1B	25.5459039396974	-1.19163394015271	0.327904903792143	-3.63408392607657	0.00027897005062152	0.00580668458741529
RRS1	7.66673300388283	-1.94273772139043	0.661494374339783	-2.93689228019425	0.00331519236540945	0.0363300538028462
S100A8	181.459369206982	-3.15386756794723	1.04669128729191	-3.0131783900745	0.00258526899716837	0.0304347697903985
S100A9	168.758598762767	-3.46430442765207	0.832830553787045	-4.15967499258906	3.1870076698613e-05	0.00102394693393044
SAMSN1	28.1409342516272	-1.67292967546022	0.592874217029512	-2.82172782591581	0.0047765696535015	0.0473304483656539
SAP30	13.0859545123892	-1.68970629460452	0.568806574937351	-2.97061667191634	0.00297202490382463	0.033762825854226
SATB1	27.8116571357091	-1.92080657337576	0.615357957657837	-3.121445899045	0.00179965311602593	0.0233761986678897
SCARF1	10.8400189444083	-1.71254390877496	0.522273518634571	-3.27901731118251	0.0010416924559751	0.015693846201742
SCN1A	2.69518603737875	-3.56127979192088	1.07502220059003	-3.31274999713146	0.000923835197242083	0.0143608209060772
SDK2	10.510278039579	-2.52576169485009	0.705165159548376	-3.58180159732752	0.000341232903664058	0.00672514410795422
SDPR	65.7212157871198	-1.43678228396964	0.466922390594226	-3.07713297308601	0.00209002044134595	0.0262241913957047
SDR16C5	12.45806908225	-7.03746311253938	1.31471052000166	-5.35286133751366	8.6574191568705e-08	7.34322292885755e-06
SELENBP1	19.1302315710172	-3.16591384248751	0.71762434147847	-4.41165894117388	1.02581610200128e-05	0.000399127164090592
SELPLG	22.5620614666484	-1.9024228789266	0.554924596286779	-3.42825474245774	0.000607475145070652	0.0105262598171385
SERPINA1	150.39102086327	-2.25245731154729	0.692161298882284	-3.25423758188243	0.00113697149581031	0.0167816743037915
SERPINB1	62.0184807522152	-2.26457245980085	0.547670714788433	-4.13491610679906	3.55084326406896e-05	0.0011280244406679
SERPINF2	4.7209336058521	-4.19494898806423	1.26971162780399	-3.30385962938652	0.000953635683874322	0.0146958630086473
SFTA1P	5.05043461409252	-5.75975290035021	1.29866920445671	-4.43511933645933	9.20212994183979e-06	0.000367305723137342
SFTA3	8.38998200710416	-6.4534171258032	1.40833930126906	-4.58228860047292	4.5991455892244e-06	0.000214930869905242
SFTPC	131.358293788801	-7.5762261417151	2.47302457681922	-3.0635466435435	0.00218730104033743	0.0271834247972778
SHKBP1	23.0073024501235	-1.17959175912265	0.409366685543861	-2.8815040421658	0.00395782158094151	0.0412984911570601
SIGLEC14	13.6140195873728	-4.18312552657655	1.08999047309274	-3.83776338402971	0.000124160032203737	0.00308834426144311
SIGLEC5	4.5253584731714	-3.95774534973627	1.14061808798693	-3.46982516884443	0.000520797242106323	0.00935603437929888
SIPA1L3	34.6415980919494	-1.62822646199777	0.443811808874676	-3.66873172240792	0.000243756700754067	0.00520875415431386
SKAP2	45.3416968730709	-1.63295234087109	0.359621843093517	-4.54074848964737	5.60548691370498e-06	0.000250138032532332
SLA	60.692258816342	-2.44572084534418	0.681648530186831	-3.58795000214237	0.000333288180048098	0.00662487454795013
SLC11A1	126.603320428006	-2.75912333461079	0.704055511913898	-3.91890026840415	8.89539096324768e-05	0.0023504892881703
SLC16A3	52.6560880728606	-1.24886151787776	0.428642803094652	-2.91352498831525	0.00357373234136489	0.0382974070997561
SLC16A6	12.0967683021097	-2.79063752494724	0.863960676951259	-3.23005155141416	0.00123767899370019	0.0177786000479432
SLC16A7	19.4038234104341	-1.83978650897783	0.490125742200625	-3.75370308182005	0.000174241242895474	0.00405463435456628
SLC17A9	6.80695722054525	-2.17870114691673	0.710630288412631	-3.06587149808011	0.00217036570234669	0.0270522290775968
SLC22A15	16.8300985974968	-2.14543598267747	0.561648265536673	-3.81989247421149	0.000133509863273748	0.0032824077109795
SLC22A31	3.21694469020661	-5.10403660029113	1.28591152351603	-3.96919734130333	7.2115140389732e-05	0.00198446050198014
SLC25A37	209.809930209942	-2.34424730223757	0.570931371511198	-4.10600541363244	4.0256004947654e-05	0.00123267665691697
SLC25A39	23.4723370226974	-2.27000135762244	0.620394819890656	-3.65896246203752	0.000253238426415081	0.0053591412804158
SLC25A5	30.3297003119236	-1.29238633142946	0.36143859743893	-3.57567326950416	0.000349327716948355	0.00684916281120747
SLC35E3	16.4382334875828	-1.45683724939955	0.478741028340842	-3.04305911371011	0.00234186324597057	0.0284988293433607
SLC36A1	24.4619773584128	-1.54026171596196	0.54455559574902	-2.82847468281614	0.00467704002530803	0.0466165140947858
SLC43A1	7.48191450757779	-2.48271542393253	0.80447906475548	-3.08611564017162	0.00202789937596189	0.0255961942067094
SLC43A3	15.0211502338501	-2.47584941356942	0.46824725011869	-5.28748308279836	1.24010825862392e-07	9.97023530772333e-06
SLC6A6	95.6103836656644	-1.59516413126011	0.361013578200248	-4.41857101113048	9.93556363956035e-06	0.000389253814275986
SLC6A9	4.57901510019597	-3.25615765643107	0.825519012523749	-3.94437633420029	8.00079283549308e-05	0.00213573746098706
SLCO3A1	16.5487091100361	-2.41631167813085	0.808781373159371	-2.98759560781169	0.00281181332140524	0.0324929163380916
SLCO4A1	40.7214538946666	-2.67731123573378	0.714629232955958	-3.74643397200458	0.000179366186628085	0.00412853409777774
SLCO4C1	6.64206053497783	-3.36361988106924	0.937030417978625	-3.58965922186954	0.000331110537117657	0.00660818723725168
SLED1	4.04640629016382	-2.7190389638286	0.776057494949934	-3.50365659957193	0.000458916735540178	0.00849897762194714
SLFN11	43.1007843707444	-1.93622411605982	0.365756208455906	-5.2937559808865	1.19829307584599e-07	9.72624102327814e-06
SLFN13	17.779801001852	-2.13111000941261	0.758617036817652	-2.80920399356238	0.00496641665020493	0.0485592461406781
SMAP2	95.1004685766144	-1.60305492151027	0.420386505010837	-3.81328825355358	0.000137130017091531	0.00334290948766445
SMARCD3	15.2446427346464	-1.22398034145487	0.420317425546515	-2.91203806233681	0.00359078877370244	0.0384316345470588
SMCO4	4.1691924036016	-1.86208112354468	0.627314036342576	-2.96833964436881	0.00299413283088212	0.0338446360363847
SNED1	20.7779366434273	-2.33108349820817	0.778946914401513	-2.99260893792642	0.00276603929465261	0.0321391031469089
SNHG22	52.5967721589674	-1.75872605188399	0.430824137217278	-4.08223657858105	4.46043565242073e-05	0.00134078525587291
SNTB1	31.9167387033676	-1.95029177766135	0.537945695882567	-3.62544359512283	0.000288465856422934	0.00594597179630457
SNX22	5.38924759025654	-2.61061769627413	0.696455516687734	-3.74843422691221	0.000177941987611404	0.00411254479269736
SNX30	40.2499959870685	-1.47853538402058	0.402916009065494	-3.66958708702051	0.000242942565295499	0.00520875415431386
SORL1	114.634787349541	-2.60501623161124	0.583155279948114	-4.46710562552571	7.92849889180533e-06	0.000331278461085186
SPAG1	4.65893893482887	-2.07342839762641	0.69431475308503	-2.98629459969503	0.00282380464550853	0.0326092729791741
SPC24	13.1818592053439	-3.29911087913005	1.07516616669847	-3.06846604861152	0.00215160775655059	0.0268578910832408
SPI1	52.294088364599	-2.00915943464582	0.583428148159782	-3.44371357635554	0.000573783207661821	0.0100762508641564
SPNS2	9.78297334404225	-2.12747243151663	0.61317104451015	-3.46962311831965	0.00052118913513543	0.00935603437929888
SRGN	207.800585360385	-2.33234325438609	0.623522997759274	-3.74058898030663	0.00018358953615493	0.00419732195597335
SRM	10.9677384076014	-2.00184746355457	0.552006910137739	-3.62648986233716	0.000287300093295558	0.00592914693754968
ST6GALNAC4	7.5885603826665	-2.60988851981885	0.640819843291193	-4.07273361950638	4.64645557395433e-05	0.00139016706096228
ST6GALNAC6	18.4885205278817	-1.75569516556931	0.618011166813637	-2.84087935598539	0.00449893286365459	0.0454826561972804
STAT3	226.629086785832	-1.04869778811484	0.275117420220692	-3.81181892180291	0.000137947921687958	0.00335264834314401
STAT6	131.99832500056	-0.906330119840012	0.306129934630105	-2.96060599540886	0.00307034449989355	0.0344479656720861
STEAP1	7.75302008572938	-5.66057903341572	1.55333331679874	-3.6441496311182	0.000268277318682203	0.00562553329310863
STEAP2	28.6485973393972	-3.62155299037482	1.19576024852681	-3.02866146858169	0.00245639770136751	0.0294074316203235
STK32A	2.54548515716906	-3.8912696129411	1.22546625039069	-3.1753380492531	0.00149662036760058	0.020330373848113
SULT1B1	5.03184198593063	-2.66369265911434	0.736221325909258	-3.61805963149001	0.000296820016698431	0.00608857891568582
SURF6	26.3221278417228	-1.04690936611286	0.342933461408307	-3.05280610942302	0.0022671237078169	0.0278894028857185
SYK	40.3790747538615	-1.76089768348808	0.627609622788711	-2.80572129481339	0.00502040950131068	0.048853906550804
SYNE1	344.482184476577	-1.74205490140465	0.448538986410597	-3.88384277439365	0.000102818408498965	0.00263874656849689
TACC3	25.8740057097394	-2.7275854109784	0.726952754360656	-3.75208071586065	0.000175372978187703	0.00406660940368638
TAF1C	20.6759825883428	-1.78448984539723	0.490890965832392	-3.63520612438103	0.000277758462651917	0.00579295493281477
TANGO2	18.9562443134995	-1.3890373372319	0.468023420876	-2.96787997197242	0.00299861400393104	0.0338446360363847
TAOK3	70.8630462526001	-0.827878045120045	0.273808427692604	-3.02356670354018	0.00249813950316553	0.0297328640603478
TATDN2P2	6.55846842699387	-2.36257397259198	0.570551350016166	-4.1408612432957	3.46004229107353e-05	0.00110538902873392
TAZ	7.37123502515518	-1.68107693956784	0.545529201501876	-3.08155261888773	0.00205924077279852	0.0258991024095886
TBC1D10B	38.141940328131	-1.24368363868914	0.302699723751807	-4.10863816879092	3.9799906569836e-05	0.00122231541711289
TBC1D2	19.2815890576495	-2.49361923863405	0.68804809635517	-3.6241932095207	0.000289864863112974	0.0059675576915637
TBXAS1	22.0260939400181	-2.0771427181378	0.461377587273828	-4.5020451262298	6.73026867454713e-06	0.000288313832815701
TCF3	24.32384317597	-2.04430554327101	0.490577479209389	-4.16714103257571	3.08443683359101e-05	0.000994760198574865
TCIRG1	52.0620605326355	-1.64053684677804	0.436792361133335	-3.75587348304668	0.000172737945405718	0.00404182966325877
TEAD4	6.91713178916909	-2.47061892008113	0.746022963320258	-3.31171966756273	0.000927244109640824	0.0143913715241967
TECPR1	20.4220883899876	-1.13229393635825	0.389692999978267	-2.9056050183642	0.00366543823018176	0.0389602093588993
TENM1	4.69321789916337	-4.4491107034841	1.16530393489819	-3.81798307741303	0.000134547152193924	0.00329834955175972
TFE3	54.0879473622298	-1.01858064343292	0.305533947122771	-3.33377241064356	0.000856767297641322	0.0136215561735589
THBS2	60.6721651494941	-2.14181060072302	0.644263466988954	-3.32443279879432	0.000885985830343854	0.0139553051308757
THEMIS2	50.4934220677023	-2.08081066361162	0.509184857962847	-4.0865525183458	4.37830412450659e-05	0.00132394921868324
TKT	108.027489732477	-1.96163814904954	0.499597670883877	-3.92643573693818	8.62139125720344e-05	0.00228164245377846
TLCD2	31.9958600168968	-1.82738893097921	0.583287926622588	-3.13291060481971	0.0017308214879486	0.0226730932212819
TLN1	499.805323295969	-0.736077694619439	0.259785643756103	-2.83340404795615	0.00460551321222988	0.0463038982872075
TLR2	41.0045128398218	-1.53099434199513	0.544771351496023	-2.81034297745428	0.00494887308336045	0.0484995280104718
TMC6	30.4722999056868	-1.95789995694053	0.419533349237313	-4.666851778291	3.05849796413628e-06	0.000154878684965993
TMCC2	21.7621176021425	-3.86476594566924	0.857681635902626	-4.5060612048688	6.6042045539562e-06	0.000284349558510947
TMEM161A	2.98008911713948	-3.97440476401413	1.03132306414919	-3.8536952213833	0.000116348412891736	0.00291972555665003
TMEM63B	30.5672276884824	-0.920123381490793	0.305354142670966	-3.01329915959997	0.00258424030456763	0.0304347697903985
TMOD1	7.94779855120496	-2.63695095470478	0.629398161892434	-4.1896387920425	2.79398847701901e-05	0.000916774091376217
TMPRSS2	6.91268589569892	-5.31645512524381	1.09547717439862	-4.85309529900736	1.21549243976085e-06	7.36414776717968e-05
TNFAIP8L3	6.0799199940896	-3.80112756927989	0.815039697629409	-4.66373304310906	3.10524161851455e-06	0.00015677773457286
TNFRSF14	36.5626602286917	-1.91148795583766	0.457216989234616	-4.1807019442508	2.90610587270472e-05	0.000949887861744948
TNFSF12	8.60465291456968	-2.08191186148386	0.622269641264686	-3.34567480626667	0.000820826011627345	0.013198571053314
TNFSF14	5.27854956740761	-3.76078087562645	1.04137871218144	-3.61134794828724	0.000304609656331858	0.00620335919569465
TNIK	29.2346603860963	-2.03550245084791	0.414236573171764	-4.9138646432455	8.92984122145066e-07	5.63144336359438e-05
TNIP1	113.403721458699	-1.03497914118404	0.318338315818044	-3.25119248848328	0.00114922021837718	0.0168937363817596
TOMM40	15.7283780134521	-1.49721412419499	0.481616931599847	-3.10872402102125	0.00187897139895139	0.0240928728736292
TOR4A	11.1159184327043	-3.31298492007141	0.58340156292893	-5.67873850635364	1.35691731837191e-08	1.43867158680382e-06
TOX2	9.74694134563541	-3.02394565979508	0.972600343376351	-3.10913488812635	0.00187636033613315	0.0240775920893818
TP53I11	42.7575509092054	-1.18095521579142	0.333034073093958	-3.54604922199128	0.000391053156052982	0.00752988165639363
TP73-AS1	32.2825387877813	-1.80904848691329	0.621666709988955	-2.90999736329043	0.00361431805316079	0.0386048414737001
TPPP	6.95666166397142	-1.86830906262839	0.56049316460801	-3.3333306819808	0.000858128844680473	0.0136304285778647
TRAF3IP3	15.5702725527266	-2.77055870927349	0.856197948556544	-3.23588571304609	0.00121265926105812	0.0175226164434326
TRIM65	8.40377950940352	-2.43050191122221	0.613575916167069	-3.96120813607752	7.45714940174973e-05	0.0020370866739337
TRMT2A	7.36355016367145	-1.94157053818886	0.6056266634135	-3.20588682018318	0.00134646936943783	0.0188376472929584
TSPAN17	12.8104687279312	-1.85093730137093	0.447921060667103	-4.13228460080505	3.59175304246245e-05	0.00113888782452959
TTN	275.691226852101	-2.12516050188911	0.5009815149818	-4.24199384275948	2.21542771504919e-05	0.000760779671216487
TUBA4A	13.3401230406854	-3.39486291071458	0.885734475316806	-3.83282236981949	0.000126681428318657	0.00313726094890174
TUBG1	25.7419637063019	-2.30682318051033	0.807708925171778	-2.85600803534482	0.00429004276746743	0.043866323454968
TUBGCP2	36.0689941377955	-0.954211434211291	0.337446345681087	-2.82774268094488	0.00468774696944411	0.0466683917779635
TUFM	42.0797694319081	-1.3198553395645	0.307069679551282	-4.29822749511834	1.72169404399766e-05	0.000621421654518646
TXNRD1	135.607202836375	-1.32409660417986	0.400778269010884	-3.30381337153761	0.000953793042473512	0.0146958630086473
TYK2	39.5331236297858	-1.45514230267434	0.470981630496934	-3.08959460083193	0.00200429865652488	0.0253549011254945
UAP1L1	12.7080656903827	-1.88701841898388	0.6333717652068	-2.97932197588213	0.00288887043347112	0.0330903430340338
UBE2G2	107.659363097711	-0.64835616413425	0.220631544618353	-2.93863765154603	0.00329658233435075	0.0362391659056003
UBN1	53.1675834665133	-1.11968895877273	0.313498806609853	-3.57158922192064	0.000354821628662568	0.00692657549900093
UBXN1	43.052664512371	-1.08368522629793	0.347641823135866	-3.11724641334193	0.001825489201761	0.0236213568410935
UNC13B	36.0932615747717	-2.19664351951076	0.485984512082762	-4.51998667631754	6.1843523375445e-06	0.0002690034693695
UROS	15.4538572961913	-1.86843538504784	0.653872911184026	-2.85749012245284	0.00427005924146322	0.0437423218431051
USP32	54.6736888071712	-1.10768635142927	0.373490857420688	-2.96576563902771	0.00301930473799221	0.0339877143830789
USP54	20.8812122207831	-2.10209130292993	0.523025493175856	-4.01909912682429	5.84210896513398e-05	0.00168537546747934
VAT1	57.6668917869715	-1.06364155455884	0.327535285640068	-3.2474105880845	0.00116460249554324	0.0170460023592714
VDR	18.4099469197628	-1.83711844742636	0.543857286741927	-3.37794214072582	0.000730304449893103	0.0121340692340711
VIPR1	26.2408222527578	-5.6542284262802	1.04392468349952	-5.41631835672827	6.08387361128033e-08	5.46067893871744e-06
VIPR1-AS1	5.06732399786281	-3.88176379426073	1.23874352544522	-3.13362993591879	0.00172658455648847	0.0226350698734702
VNN1	15.8031441988383	-4.32883376384051	0.942703885056538	-4.59193372644358	4.39157838091536e-06	0.000206367688791823
VPS18	13.0521163613116	-1.43577729741166	0.506941457481189	-2.83223491829909	0.00462238749618495	0.0463119672795949
VSTM2L	5.763485497299	-3.50945733053896	1.19539568216192	-2.93581228618124	0.00332675567858305	0.0364097311816018
WAS	19.6767989709377	-2.01167740156466	0.597364123911571	-3.36758991884563	0.000758282942152154	0.0124285138460571
WASF3	7.13683431634116	-2.60717026535771	0.772803778348217	-3.37365103329366	0.000741783405897434	0.0122275952588804
WDR76	10.0623882357613	-2.44184838778113	0.829395781263481	-2.94412926005156	0.0032386470601631	0.0357452236360487
WHSC1	97.2444002307024	-1.4863950163939	0.513384776432025	-2.89528455971017	0.00378814960332588	0.0398896150656861
WISP1	15.9515842664925	-2.73255414177896	0.765026618692368	-3.57184191374884	0.000354479372802983	0.00692657549900093
WISP2	11.2738192270834	-6.26279463186695	2.13011918411354	-2.94011465582534	0.00328090815963832	0.0360942451492247
YARS	54.7860375737239	-0.878821947394506	0.295930224196825	-2.96969310850113	0.00298097387304768	0.0338029684374203
ZFP36L2	127.475136271427	-1.3455964248365	0.398750495491229	-3.37453229538645	0.000739412394106507	0.012213624005475
ZFP41	6.81532353908019	-2.03770981851755	0.653753822313013	-3.11693752138693	0.00182740296018742	0.0236280974212038
ZHX3	27.8649356590807	-1.53154124532963	0.475310310602163	-3.22219234712023	0.00127213702464532	0.0181226314517208
ZMIZ1	112.162369759866	-0.863174740771287	0.30797866168389	-2.80270956452578	0.00506752816561903	0.0490670934940418
ZMIZ2	52.8591898064183	-1.43194648981452	0.396202953757282	-3.61417419086618	0.000301306446132201	0.00615885891667046
ZNF316	18.7454231421636	-1.33857247439746	0.424177815106739	-3.15568713573723	0.00160120513332958	0.0214387086675635
ZNF438	11.034043818306	-1.29930561151977	0.450286948866313	-2.885505819769	0.00390785236539166	0.0408710280681283
ZSCAN16	2.95842020222626	-2.90915171788339	0.879601195474613	-3.30735307415502	0.000941821030328602	0.014577602151911
ZYX	152.651931175124	-1.18073673556593	0.325501142999348	-3.62744267097182	0.000286242304129319	0.00591451211601677
